ticker,label,f5,f10,f20,peak,now,r20_at,dist_high_at
AAOI,extended,-18.838206691866,3.7327700444459655,1.1770496031642042,21.57376316373052,7.154926312377707,76.60474260357724,0.0
AAPL,building,4.704793648100614,7.270156570944319,9.442494737317286,12.618836969471104,7.738209857010725,9.463895727845873,0.0
ABCL,avoid_wait,14.379081164953655,-9.36819805841057,33.551196310631035,40.740736893107865,18.082786407710504,35.3982303996901,0.0
ABVX,noise,-21.713318784793778,,,0.0,-21.713318784793778,10.271236942746388,-2.2166948150261656
ADBE,fresh_watch,0.9293552350803536,-1.2404772554216348,9.301580088921035,9.301580088921035,-2.281520907632262,3.206820600872917,-2.0434459942370253
ADEA,noise,-16.26429696544156,-14.994242698266946,,2.9871378680276672,-2.83691809261738,12.87200315282342,-6.393102010888807
AEHR,extended,22.13526084936255,-2.382900246446995,31.99392500218785,36.175681579142946,11.645837109709811,64.12960287728808,-12.068611263700745
AFRM,noise,-10.218082846577081,,,0.0,-10.218082846577081,7.950847903153457,-1.0047492850485673
ALAB,avoid_wait,3.0310589334239024,7.120497804250769,76.77516013198758,80.64099803474379,72.08943432162268,70.56530523236546,-5.445403372160895
ALB,noise,4.972147280208272,-6.963069764806251,-11.734062011062385,8.309263567477721,-22.71508532895958,8.866308534794642,-10.082548338135112
ALMU,fresh_watch,10.782763821718833,-26.29726886456757,-4.274406983989543,10.782763821718833,-13.843446162038687,147.38903223054055,0.0
AMAT,noise,7.286185244671439,4.201063386100823,10.45518148661988,22.327023036063686,20.003370750148175,3.2251619966214617,-4.194850131323424
AMBA,noise,1.096225995866007,11.863578617287907,,13.970769103386282,-16.297195495850715,43.68218297355189,0.0
AMC,avoid_wait,-2.758626189441482,-6.206898649580772,42.758611391047396,46.206883851186696,24.137923663635142,15.079369734804748,-22.043008788608663
AMD,late_chase,26.25228591924531,17.62911079275531,41.490539965761464,50.4742904180783,35.99877266080789,65.76552117007904,0.0
AMKR,extended,8.074977482170876,-6.933489307690854,5.326941226313231,8.821876221689106,-3.654400405751479,50.88241962338576,-9.142122935667485
AMPG,noise,7.826090021259691,92.60869218180889,155.6521841889295,185.65218729873715,185.65218729873715,21.052630588288434,0.0
AMPX,avoid_wait,-19.98083329472027,-19.26210012510634,4.2165746304729135,9.774791212963096,-9.774800352151193,30.43750524520874,-8.02115315992349
AMSC,extended,-0.9089256776150023,-14.397379404836474,-15.160880580000436,6.744233798163335,-21.214321986949038,74.4134328621767,0.0
AMTX,noise,-26.420456585127962,-34.9431825493855,-24.99999661337243,3.97727572905624,-36.931817027286066,11.392401434102805,0.0
AMZN,building,1.6476488292153313,-1.5358215787687035,-2.6094086875325884,2.50875278601157,-8.588685493992044,27.882921438660023,0.0
ANET,avoid_wait,-4.331562099101404,-4.467558938189143,12.885895051570273,19.22344943681724,6.351146806030128,1.3717447672884964,-17.25651207236991
AOSL,extended,0.7292609093775493,,,21.513214213589492,0.7292609093775493,1.8570083636437085,-11.066070262641215
APH,extended,-1.8723454304649056,,,1.4076791103898367,-1.8723454304649056,2.8390676032967965,-1.6267802220402139
APLD,late_chase,12.472912250019297,15.627261905199298,-4.5990847665622,19.55213817783672,-1.4086181114079,62.416891963057864,-6.125684440217771
APP,noise,-2.8103300406183696,15.720722709782308,,25.068782562023717,14.877009850779865,13.19000516428568,-1.63970428284822
ARKK,extended,-1.9225920383176165,-4.69968007930428,0.6157298975812742,2.9781290055998166,-4.649415044613459,13.104038005574804,0.0
ARM,late_chase,4.619698732370403,5.8348917302330605,98.12555462877097,102.61241646270692,70.41721145810023,36.62700051724186,-13.436396822875874
ASML,noise,10.842236979347808,15.823251866074273,,19.361714845828804,18.789180968475815,-0.06055118982507546,-7.51435304928113
ASPI,late_chase,-14.731588907089266,,,3.995002318107166,-14.731588907089266,55.533982146661586,0.0
ASST,avoid_wait,,,,3.1886043034392353,3.1886043034392353,-10.720777911724767,-20.45332312512422
ASTS,late_chase,20.634228676912713,26.888793575655146,72.68741435327364,94.49071422526971,34.53163400268271,-27.82406701056479,-30.857836252242876
ASX,extended,2.5119622819510745,-7.625596117769662,19.348090569404054,21.411483676597154,6.220101424864777,50.698503027905126,0.0
ASYS,noise,-13.070054662978592,,,3.1969924331975097,-7.334279923447795,22.171169696623117,-6.792284214675515
ATH.TO,noise,-9.463728186580811,-9.463728186580811,,0.0,-7.018929983459621,17.407408159619653,0.0
AUR,late_chase,15.54332380424228,-2.0632750448551618,-5.914715673545601,15.54332380424228,-13.892706391946374,71.8676110672664,0.0
AVAV,noise,12.840508720758592,26.51684045203877,,32.73278462028979,14.338774016036272,-18.105760902823953,-23.12232290327467
AVEX,avoid_wait,1.3428438768305906,12.12756776710464,-4.028531630491738,69.86991049868563,-3.441039435373583,,-33.787166400817924
AVGO,avoid_wait,2.8643439797794157,1.0108022701267982,15.623050978203779,15.623050978203779,-4.777909699035865,32.461918297172865,-1.4807478524507367
AVL,avoid_wait,,,,0.0,-11.203982373018507,-7.180591213829324,-26.090959267979265
AXON,noise,,,,0.0,-3.0980000226000337,13.87476362442641,-5.276698450061479
AXP,noise,0.06783436665254161,1.7796615181413955,,2.2156959380205565,0.8688358155993336,-5.910779903767516,-6.996097618482966
AXTI,avoid_wait,21.20833396911621,28.937498728434253,14.11458651224773,46.697918574015304,-5.437501271565759,81.68054451698994,0.0
BABA,extended,1.9053412801485425,2.5555761554472145,-3.8182335037842963,10.24497475769779,-9.216690850067799,10.4744346460667,-6.2052339131009715
BAC,noise,-0.1575414383518936,0.6301733046436775,,6.675859038055587,6.161189440502479,-4.817246603612868,-6.516936468846868
BAND,noise,4.458053484100777,13.839000599325747,38.60130136542461,54.6376497145707,45.446849090807696,164.41342368554106,0.0
BB,noise,11.469531814267997,14.336921176936679,84.94623361876339,85.30466476638226,66.4874567898365,57.183098553712576,-0.5347630854610319
BBAI,late_chase,-3.441297051109704,,,8.097167828627438,-12.75303860614516,29.31937548561403,0.0
BE,avoid_wait,-1.6352553288400018,-10.369325690969788,4.923084372894682,6.665739072182775,-12.150085069436367,113.80741825810183,-0.6471067177225787
BETA,extended,1.4876058591649421,-17.63085331416807,-0.11019536189550427,2.920114037382149,-3.3057872952082845,9.933369878332886,-0.6568190269661711
BIDU,late_chase,7.048868283837151,-3.8196139533864026,-4.118353678747722,7.048868283837151,-15.285581068030607,23.856923347741432,0.0
BIRD,avoid_wait,-13.312695486625604,-31.733748895191926,-35.29412068645064,0.0,-37.30649896564721,142.85713645492558,-61.97763316554876
BJ,noise,-12.490977295336748,-8.72926035995205,,0.6492887671219139,-5.585899450821974,3.7642996071567625,0.0
BKKT,extended,-2.42024492118601,6.4906506345868475,-1.87018782662558,35.533547722953095,-10.781083382398426,19.13499365987825,-4.91632056902831
BMNR,noise,0.0,-10.863633589311084,-27.727274461226024,4.636365717107593,-23.40908917513761,4.364326753432923,-5.619903457554287
BRUN,late_chase,,,,0.0,-22.230970216724877,100.31544456966226,-2.8061282331869886
BRZE,late_chase,-18.39405970547623,,,0.0,-18.39405970547623,19.991515698588724,0.0
BTC,building,4.155247892656599,4.5399619782806155,-0.8184143120275267,5.06520892758926,-21.70273407021067,7.014957950248246,-0.6083829575697308
BUG,noise,10.56822354319944,18.7839330137483,38.689833003096695,39.52225989134257,25.696708639613064,6.9272407028195815,0.0
BULZ,noise,-21.038301180769636,,,0.0,-21.038301180769636,57.58009609632939,0.0
BW,late_chase,6.557375891718276,3.913272221519537,,15.54733240497601,-16.023266829300663,3.673246078406467,0.0
BWXT,noise,,,,0.0,0.0,-8.580829057377247,-11.012141379490181
BXDC,noise,1.3985977920283998,2.097896688042611,,4.149181156143111,3.496503372138915,,0.0
BZAI,noise,,,,1.117317394007622,-4.469269576030488,-22.51082224274067,-22.51082224274067
CAMT,noise,3.6503060575419966,,,7.289166713664685,-3.4958236943730348,-6.947773478432772,-15.752437519026596
CAN,noise,-10.746814680156492,-24.043720059252884,-31.511845146922724,0.9107459026965525,-35.51912820448236,32.28916526134951,-4.355396535994038
CAT,extended,0.834630890107646,-4.912723015075504,2.386712784725642,3.967538061196829,1.221546497851711,25.105213101638423,0.0
CBOE,avoid_wait,,,,0.32619875688237876,-1.676604236045276,-16.943558308607376,-22.08956413838402
CCL,noise,4.632171285822073,12.309751997252793,,12.792108834128491,8.571452010309555,-13.15058946613117,-14.339490126184506
CEG,extended,-6.653163041423116,-18.26597610056354,-14.943583521692915,0.5388597662227657,-21.800505262548597,16.677559990295986,0.0
CENX,noise,14.48434248704029,12.47800103954193,,21.031321739571784,11.40443431369218,-8.708229173325588,-11.687903436571666
CGEH,late_chase,-14.12671685867527,-23.373291306344345,-3.5958909702068276,16.43835638808273,-1.7123352543991444,96.96459769456867,0.0
CIEN,avoid_wait,,,,0.0,-12.87455721793731,-7.136041663778703,-14.572567004336124
CIFR,noise,-3.454465796936268,6.101384688842915,,17.94526619877157,8.972633099385785,28.546716951445326,0.0
CLFD,noise,-11.958637249589788,,,0.0,-19.82052317614711,83.92535621804875,0.0
CLOV,extended,5.937501699663672,12.812495040707361,,30.624992689117892,22.50000055879353,57.63547255091559,0.0
CLX,noise,-1.020521588511003,3.3221121901174433,2.2038853173872885,5.428292223285558,3.311261569370827,-13.332940905374368,-13.332940905374368
CMG,noise,1.1325459666959414,0.06121964764198573,,3.3057909139440733,-10.407094893606484,-6.443299306931083,-9.375870012891664
CML.L,noise,-9.523809523809524,-3.1746031746031744,-8.730158730158733,17.460317460317466,-8.730158730158733,27.530364372469627,0.0
COHR,building,11.402018743226305,5.331663333848735,24.335024875920364,27.152771774645323,19.71821985617752,31.607214015547335,-4.205778007542715
COIN,building,6.704763900708355,-6.675206997919969,-14.286417663541872,6.704763900708355,-20.138924960120352,16.1336536931308,-4.082596602704203
CORZ,late_chase,2.7039223390230793,3.2897680246375405,30.37404059893325,30.914819909418554,22.352406332122253,31.84789444236231,0.0
COST,noise,2.884216598998246,3.7932487901794154,-3.9711086831173192,8.127971555926084,-3.686540091357937,-1.792726725688032,-1.792726725688032
CPSH,late_chase,-29.909910428505615,,,0.0,-30.180182579652847,140.78091236426303,-4.227780540699588
CRCL,late_chase,10.23173751563473,-6.810005415191489,-15.627876261980889,10.23173751563473,-30.95457239008068,29.712421920827325,0.0
CRDO,avoid_wait,16.74997449241602,-13.212259029599982,27.17983067031897,31.084084182823446,23.442189984553075,75.73687211352026,-7.680473873664829
CRM,noise,7.140830993816882,,,18.975993802594736,3.621504767624595,-2.7866698034106907,-5.7864094370617565
CRWD,noise,15.561337705846023,31.879215320235566,63.87137247679118,66.6886879184103,40.39510522074061,17.71907565750488,0.0
CRWV,extended,-4.08369088573608,-9.839508339028724,4.881940554830888,15.939831317365826,-13.982017553953717,44.71060946933682,-2.880691001243152
CSCO,noise,12.250903495688581,16.462153912751386,,27.613621767926965,21.871010286238967,23.68868624532079,0.0
CSIQ,extended,25.078768271020913,8.254571071602435,29.61562598082881,29.61562598082881,7.3724072993403444,23.984372258419207,-5.140464316846527
CVU,avoid_wait,22.739723343007245,39.99999999999999,,43.2876680116087,36.438353122074886,4.285717010498047,-8.060451660873657
CXDO,late_chase,15.911874891004473,18.23745112856907,22.766213455422314,28.15177685748791,-5.875153177369652,29.682536967367223,0.0
CXM,noise,,,,0.0,-3.9145870937996374,4.460962193550144,-6.489190157573654
DAL,noise,8.415201125191697,16.00455265058711,,17.456918582968495,11.362658900900113,-1.8177270598926376,-3.986457619721917
DARE,late_chase,17.521371832025757,-7.264950603030906,-6.410250532086104,39.743594054247964,-20.94016702139073,34.48275295080671,-20.67797029336881
DBC,noise,-0.2524453214195366,-6.942255367194095,,0.0,-7.00536820224179,9.882109453504938,0.0
DCO,noise,-2.261600225404603,2.502933816014541,,4.971389901781076,3.4544539398776664,2.6470420205838785,-1.266254079978324
DDOG,avoid_wait,7.47628937093896,15.530121455048018,24.044935044838113,47.030147044020865,22.757377163430426,73.17855561942554,0.0
DELL,late_chase,10.456728157966833,8.755541115635257,94.6560522906946,115.4030952655715,85.26718539399869,22.116788346317897,0.0
DGXX,avoid_wait,-7.985703524605081,-4.529202608952742,,0.8343229077449221,-24.19547230917506,205.09092157537285,0.0
DIA,noise,1.5422008311450908,1.5777586076670014,5.060349985570434,5.601955858584962,4.009851892910521,4.9270019610339055,-1.4275641984898169
DIS,noise,3.365910319104648,2.566386502982465,0.09871296607009139,7.254966223116011,-2.408444251121933,5.224344456866037,-4.694266556826355
DJIA,noise,0.031915238691637704,,,0.16868986379845463,0.031915238691637704,2.2420830509998213,-0.2274450143825546
DJT,noise,-6.342009861618935,-6.2287677858101524,,7.248022070810367,-7.7010227752117295,-8.020837782985456,-13.93762449585858
DLO,noise,-2.054235992719111,-2.49586537686185,,4.026289478121159,-3.9997877310456786,-10.051730169438756,-13.257299970072323
DOCN,late_chase,1.9310053451206066,-1.8000915906865145,13.687234285879812,18.151466225060386,10.833280479747431,76.42916125821664,0.0
DOW,fresh_watch,-8.488469093582252,-3.8222973514523417,-13.023723667601239,1.2658163682039536,-14.252267665544515,-2.6811520548766343,-2.7046528739559816
DPZ,noise,0.8350516853592005,0.5029654179051546,,2.05054980541306,1.0865343943117889,-15.984507847134854,-16.71097734590914
DRAM,late_chase,10.823068097742606,7.517821286257553,50.59407583871833,50.59407583871833,30.740979176483595,57.2350546053042,0.0
DRS,noise,,,,0.0,0.0,12.785297432468678,-4.532401887915338
DUOL,avoid_wait,-4.608547288713427,2.7306490203845346,-0.25402013985676986,7.021679785953383,7.012605907766067,10.917696119318876,-0.9168509151158744
EBAY,noise,3.478436406923757,11.588353144843344,6.328362132599019,14.307682208073814,4.487974704900433,10.54811436484584,-2.8563464928001103
ELMT,noise,12.369112410679639,,,44.5680663522662,13.612571424933616,-6.544346321307859,-8.721625197784878
EMN,fresh_watch,-5.0045109177198395,-7.674444785146884,-2.6312407424828876,0.0,-7.5583654103144156,3.2769403150034515,0.0
ENAFF,late_chase,8.609266253104654,,,39.60264497459753,5.960262223799195,331.4285823277065,0.0
ENPH,noise,-10.762473218868873,,,13.476623668633891,-10.762473218868873,88.30134284111453,-9.305630640899542
ENS,noise,5.5295997324364965,-1.378994478664719,8.931731782254971,10.383306739179776,3.615332878672861,23.88311364363853,0.0
EOPSF,noise,1.0634906386272291,40.31745849132664,,40.31745849132664,22.06348927623538,-14.285710578525446,-17.268543925250967
EOS,avoid_wait,1.0738244609478587,2.5503341615009667,,2.774044390615771,-0.8948579844556659,1.9930616248422295,-1.5331728498358288
EOS.AX,noise,0.6802768899403677,26.190481854237046,,39.002274978266605,11.90476447919866,-14.451994802613932,-17.57009484068425
EOSE,momentum_confirmed,34.32601161599214,16.45767547121302,47.64890136870199,47.64890136870199,4.8589331852497475,31.818180026907793,-16.81877378124278
EPD,noise,4.297692338066561,-0.44548786589380107,,4.297692338066561,-1.6771472542126853,3.916372138353985,-1.395351175404802
EQR.AX,noise,4.651158277636491,,,11.62790262486375,-4.651165208409025,-21.818182212262105,-27.118639615855123
ERIC,noise,3.352888585901681,7.124890243520299,10.310138397085344,15.171830843601253,4.945516659642668,3.6490014590968123,-1.8914436276516566
ESP,noise,-19.860674059319685,-15.211824716115785,,0.2274718089844141,-20.94113803586358,8.54937195251031,-2.6031637372412098
ETH,noise,-0.8382928363612652,-2.7899012386219613,-10.586575036817791,0.9651807822873337,-30.79432062248032,0.9937715105242884,-3.0843697153592253
ETHA,noise,-3.6871500641199484,-11.00558299071206,-24.134077021722998,0.0,-28.93854447985057,12.225704279522365,-2.6115319050771246
EWY,extended,17.40740552360629,10.40740778416762,33.76543021496432,33.76543021496432,14.59259221583238,31.84666426200311,0.0
FB,noise,-1.534178435152711,,,0.12560505185572612,-1.534178435152711,1.8457571253691407,-0.058285084525344644
FCEL,late_chase,17.088012707084843,-0.23408774803568289,,23.501865201175278,-27.43445900236383,194.62069807381462,-1.111110031850071
FEIM,avoid_wait,,,,0.0,0.0,12.151327166667603,-7.801790172941326
FIG,avoid_wait,10.245464779850334,22.305231356608356,44.71718874314172,44.71718874314172,12.593386548428697,-11.894690325321754,-12.5116727153601
FIGR,noise,-10.145635561455002,-14.268079532910027,,6.837819236075537,-31.226853209859307,13.728241258511709,0.0
FIVN,noise,5.175604763506381,21.34935753021967,,21.34935753021967,6.977820108461508,37.135613154879785,-10.799673596516513
FLNC,avoid_wait,104.62286859976632,58.475271990546474,126.35847542668226,126.35847542668226,95.21492168500718,-6.5909083191684985,-18.934911947520195
FLY,noise,-18.21880892290768,,,0.0,-18.21880892290768,30.887581884792304,-24.77469708314153
FMCC,noise,,,,0.0,-3.4653471968623784,-18.32884258127503,-18.32884258127503
FN,noise,,,,0.0,0.0,0.3911267964836096,-16.445396807434477
FNMA,noise,,,,0.0,-3.851855242693869,-18.181818181818176,-18.181818181818176
FORM,noise,-2.772232050768575,,,0.0,-4.584550118829201,-3.917949978912627,-13.989427694602485
FOUR,noise,-10.358203800736865,,,3.1485220072252185,-14.077120068178894,-2.794407445706981,-6.446097633780257
FPS,fresh_watch,-3.327352489817781,8.906159280754355,,28.690970522399194,18.19087730210982,54.24092567483447,0.0
FSLR,extended,3.89211183839393,10.230970533478123,43.12030154035853,50.32355104032706,30.078884282799102,8.391357144709755,0.0
FSLY,extended,-26.932666719395648,-39.43712082357236,-32.02707470202009,15.283223947873314,-30.958320728660183,-16.208956134853082,-16.208956134853082
FTC,noise,4.51710652745656,0.7985050176040343,9.249865617361497,9.249865617361497,5.333096407225457,8.878033589670276,-0.09316275973950683
FTNT,late_chase,12.092734092324186,12.347411275544019,,31.439355896070587,25.616922662651255,44.68870033307593,-1.3600135668925484
FUBO,noise,-15.79861611265807,,,0.0,-15.79861611265807,-16.64254188024279,-16.64254188024279
GAMB,noise,-46.33027884145635,-44.724770366277646,,0.0,-44.49541279386866,19.12568391442648,-3.3259442961186103
GAP,noise,-13.760002136230465,,,0.0,-14.839996337890627,3.0502875685763042,0.0
GEV,noise,-5.039502450221023,-8.439975039600633,-13.908446171502376,0.0,-16.54303923408229,19.53806362582613,-2.6593536123691863
GFS,extended,10.686343710360923,0.1328359230857945,24.870846456267294,32.78228647154635,14.110697503459413,55.354274367788946,0.0
GLD,noise,-0.8315562677388089,-1.4450379006972436,,0.273187497307803,-4.797627338612598,-6.422529231327667,-6.422529231327667
GLW,noise,-7.869212228381494,-12.887625238921563,,0.0,-9.819751338144167,25.409440920655356,0.0
GLXY,noise,-7.7091171976406025,-7.677905497902515,,0.0,-4.775282905513379,31.150227242278405,0.0
GME,momentum_confirmed,-8.480964725841822,-18.62043123332553,-19.487372568732663,0.0,-16.09498811627651,13.57020545148966,0.0
GOGO,avoid_wait,-1.5659887720311794,-13.19909851104123,-2.6845613241949895,6.935132755418039,-22.706933201938195,8.495143552293417,-9.879037181184847
GOLD,noise,-8.57538506599812,-0.07263253338264386,,0.5529281967572741,-6.258727194838409,-1.3193797954711428,-10.79580359463026
GOOG,extended,3.608894165644072,2.6355639133691433,-2.7764745254904466,4.128177341471573,-5.6971505522000365,30.143322747828716,0.0
GOOGL,extended,1.406400002422159,3.572087889901221,-5.583817942370228,5.0541481728830995,-5.146245601588861,27.754258767427874,-0.6326388005902461
GRAB,noise,1.3623964925574494,-3.2697580785567726,-1.6348822874878488,3.2697515821378698,-9.264309142228432,1.3812207821973788,-12.826602303089473
GRAL,noise,-3.6334641901145437,5.22708968812251,6.055781755789336,17.80079389473357,-1.9601586330459386,23.57227551880785,0.0
GRND,avoid_wait,,,,0.0,-5.721606098303377,-14.212451535527482,-22.39894022705664
GTLB,noise,4.270025337718608,2.0333468763617635,29.402193970606504,37.41358562769766,26.392841524383414,8.04042137655092,0.0
HACK,noise,3.9965868057676213,11.18557370453448,28.390402264406546,28.390402264406546,17.923722601646787,6.019888660715589,0.0
HBM,extended,6.6950100164519855,,,12.894089110951201,-7.509737748004309,25.690118846677358,0.0
HII,avoid_wait,-12.554692033024107,-9.362354978021969,-18.83525591017251,0.0,-19.222200488659336,-10.864449294126644,-11.664036862412175
HIMS,fresh_watch,-10.19345184771211,-14.285708203607484,4.203873152513182,8.407739209235077,1.078872487282756,38.62815888027713,-13.318287770500136
HIMX,noise,-3.82012042489972,-0.5319178371773647,,16.972921552633412,-1.6924582993460002,83.49600235312992,0.0
HON,noise,,,,0.0,-5.133025054664342,7.379214990088845,-6.1380669578961715
HOOD,building,1.609759682487244,-3.7258148288571213,7.5554975815324,22.419842329145332,10.398548959062559,10.595832148942419,-15.606685848745993
HPE,building,6.106380706137804,,,19.468088352933833,6.106380706137804,64.50822716849586,0.0
HROW,noise,-18.769719046149213,-10.17350855268343,,0.0,-12.986336284208178,2.53369940718986,-8.337347191500378
HUBC,noise,-12.925173709016136,-25.170067861711388,,342.17686214232555,-40.13605591126418,-98.8692307472229,-98.8692307472229
HUM,noise,-1.4084959341809644,4.862746693729569,,16.333336923636633,16.333336923636633,45.47875122544023,0.0
HUT,building,-0.5691231252867857,-11.409950455858764,17.275563863647434,22.10391159483056,9.78519900295427,77.34006495231536,0.0
IBIT,extended,-1.0371641203479331,-6.006911954674665,-20.051856145355462,0.4105497977913597,-22.45030177981844,18.363172852622924,0.0
IBM,late_chase,-12.358780489361276,,,2.749515382746437,-12.358780489361276,39.00874451064282,0.0
ICE,noise,-3.4297108244861763,-8.724918348020694,,0.0,-10.859671674380833,-2.876530166011182,-2.876530166011182
IGV,building,2.544097623121022,5.009045887476948,18.419267826592247,21.777469442740216,8.15241845933854,9.917975947968394,-0.3380611106435061
IMOS,late_chase,18.757787481897225,6.771919770591994,34.212715890155735,45.9493207873586,17.32447083159134,31.637954037122217,-5.124166737900914
IMSR,extended,,,,0.0,-22.916668736272307,32.59669454363916,0.0
INDI,avoid_wait,-10.112358547243305,,,0.0,-16.292141152367144,30.56234604805772,0.0
INFQ,noise,5.225479801594779,16.10593416834789,,42.23336048267252,6.012885730363293,-10.27616865225297,-19.804820861970484
INTC,extended,25.396501430262532,9.184896249963526,9.747037559488337,29.93374711169374,10.690617951071847,97.73719855998588,0.0
INTT,late_chase,2.082058506897577,7.164727996082054,1.8983433398083616,15.737903899762928,-4.286587951840437,20.962962397822626,-12.627076206076515
INUV,noise,-19.689119459014638,-17.098442107489355,,0.0,-24.870461808770628,-3.9801016564634972,-10.232564560976043
IONQ,extended,24.349725441854496,7.7814237667563235,56.06557710574624,57.53005397775786,37.2677578952143,56.46374951476438,-5.318708011290618
IOT,noise,-0.5430192406168932,,,10.17432805893408,-2.657903002468598,21.746701312188165,0.0
IPGP,noise,4.5713124593982135,18.60898642964701,20.1785356113245,20.1785356113245,9.152436706113388,-15.254799513225736,-19.93402239573655
IPWR,avoid_wait,,,,0.0,-19.298243694809802,56.659615592635504,-17.575083024830118
IRDM,noise,8.172479784686203,8.799203283872004,24.341938413246567,30.53396964537565,19.02732581780264,21.652937712359034,-8.108731790224866
IREN,late_chase,34.034167690449756,15.943930800756423,43.079286135296435,48.57642699211622,29.632060500463897,31.320101369791175,-12.226067963062404
IVV,noise,-0.5959983006513792,1.6936122499267015,,2.892357523592781,0.14158220812938715,6.295056938822152,-0.15348564771962003
IWM,noise,2.681006750591841,-0.6873483620798315,4.958974570735375,5.092123811661686,2.241967885158669,10.112539313179148,-0.5012868456758857
JBL,late_chase,4.014701632506079,-1.2764144221099727,12.413446804058449,12.772298922574766,7.938144824420945,23.606384799630376,-1.521294621883662
JD,late_chase,10.035841870670836,5.767346104966076,-4.8875854476946206,10.035841870670836,-6.842620869749716,9.411769585751074,-2.8797463178061644
JEDI,noise,-12.96295543635997,,,2.79046763042452,-12.96295543635997,39.63867803103243,-7.072136090275061
JNJ,noise,2.582136834292803,2.0924234659315477,2.164640080795155,4.327305648657909,3.951191680044741,-6.912558604491103,-6.916412565658925
JOBY,late_chase,17.51351227631439,11.99999628840267,29.405408292203326,32.9729750349715,4.864862802866332,8.823529411764696,0.0
JPM,noise,-3.31871702137031,-4.691651552097243,-5.0852928557497235,0.7776723097539628,-0.43524686012338387,6.60866418076651,-1.4259090674534902
KLAR,noise,-7.541901733183232,,,0.0,-7.541901733183232,23.024050748319723,-2.1323197237567038
KO,noise,1.3000110256927488,2.9281832595318136,-3.041781597878057,3.3951719021053206,0.3912628366266713,2.510030299425847,0.0
KOPN,noise,1.7821717297328732,14.25742104946095,,26.534646042374476,8.31682343749911,69.4630925641726,-8.514488982167755
KRKNF,noise,-10.405646290106041,-8.853612844563196,7.2310377759306155,7.2310377759306155,-6.70194196345224,-8.2524234014709,-12.49999908017524
KRMN,noise,2.752876790344949,1.6645341279561077,,7.682457221875882,-20.550576579162872,-30.71634582967465,-32.62159249392006
KTOS,momentum_confirmed,-7.976745684427399,-12.449538263329051,2.1637334829399224,5.2640111741740325,-6.78185167486337,-16.412466775215716,-17.050633180445697
KULR,late_chase,17.717722705869086,33.0330309259691,,57.057061228183635,12.012015151107258,42.91845634095208,0.0
KVYO,avoid_wait,-9.930427620675541,-4.427582190768997,-0.18975765875555162,16.12903303639941,-3.731816172856206,-12.555307044625518,-32.23317414779818
KWEB,noise,2.7889782168097677,-5.510750594876779,-8.837369112527227,2.7889782168097677,-12.231180650717366,2.268040683024819,-2.2660115493245314
LAC,extended,-2.451836524523543,-12.259190973531108,-3.5026236064622074,4.903673049047086,-20.140106614441166,41.33663594214407,-0.34903980558358416
LAES,noise,1.7421669940284046,0.0,23.693383061746598,29.61673090400021,12.195127421859354,14.799995422363278,-6.209152312855048
LASE,late_chase,,,,0.0,-9.392263119279109,388.5290016012816,0.0
LASR,late_chase,22.873544087040788,15.470611098457576,-0.5136787350720207,28.34264060262417,0.8762565044072801,5.532527348800054,-12.666576538006492
LEU,late_chase,3.0446564408984855,-16.41697347830412,-3.7647367847802093,11.792001435913125,-20.867964941951044,12.744510186466007,-6.784394021287654
LIFE,late_chase,21.852734195690537,-9.358666910952273,-19.762470300179537,45.320671075043336,-20.712583662838014,67.4622096110951,0.0
LINK,noise,,,,0.0,-5.243449472050199,79.19463484594719,-9.337856135230693
LITE,building,7.878667225468883,-9.342540606373761,5.426256646900374,7.878667225468883,-8.275110007150921,26.402335376268592,0.0
LLY,noise,,,,0.0,0.0,21.369412070792837,0.0
LMND,noise,-1.194197174783218,4.813519965451163,-5.456551908967578,7.88168453329845,-2.682342598358989,-2.1571108033417663,-23.27319082046424
LMT,noise,3.135185713659494,4.03123918183701,,4.872628039527149,2.1912437440173127,-17.337695993027037,-17.337695993027037
LPTH,noise,47.13541744276879,43.74998965197181,,57.55207376140725,30.555550036607194,-18.644063687125858,-28.402732451740764
LRCX,noise,7.245716772395272,11.379598819040893,,20.718597211808955,13.95406392806633,6.39760640011533,-4.823664706733877
LTC,avoid_wait,,,,0.30606737494367486,-0.8625419322174754,-5.529823148457414,-7.6790631989144265
LULU,noise,-2.0468285603181813,-6.760733354131099,-1.9460339509842495,3.5741981416171464,-8.861833659791928,-17.415801142152365,-22.895745654738697
LUMN,extended,-10.610930109471184,3.644160293335097,13.183285165795212,17.792067105963326,-3.4297931129790293,40.7239783206673,0.0
LWLG,noise,-35.83973643832674,-37.102083040435275,,0.0,-43.46871251973431,50.703052799006464,0.0
LYSDY,noise,1.8772510328258107,-7.870036986036688,-1.3718449734616889,4.187724965567874,-11.407941373200082,0.8005866971176223,-11.103976577073105
M,noise,12.221618786793641,18.41390232344282,,25.095061800789907,20.912549773925825,-5.783014407216768,-9.041501701583055
MA,noise,1.508232854139857,0.6338629664746964,,3.0878023488035256,-1.0129628795695234,-5.638896469959887,-6.585680008106564
MBLY,noise,-7.217467184047832,-1.1396000816917606,,2.469138038700347,-7.9772096285787075,36.398963978595944,0.0
MCD,noise,-3.7991940915050093,-3.57590943932089,-3.6736118830181796,0.0,-2.433739467510432,-6.674482017124683,-7.939350975348713
MCHP,noise,-0.1638919383589621,,,5.9440588297031915,-0.1638919383589621,-2.0975592597135773,-10.630258217469956
MDB,noise,4.4752694313217045,29.38236806275265,,29.38236806275265,12.94207887702823,18.520767664576844,0.0
MELI,avoid_wait,-14.044845389964255,-10.273206258165446,-14.021847988416047,0.0,-13.797788149999723,4.282825240830901,-0.1127056682833194
META,avoid_wait,0.14455932366530533,0.9002021303901486,-1.3601690836755664,4.359749983957895,-3.83736925693019,5.9690799560941254,-11.58957072220046
MITK,noise,-1.8348668574431959,-7.404980979634745,15.137610952130665,17.103542406321502,0.9174271792176558,11.631310488031499,0.0
MNDY,noise,-1.5504857384386672,17.26038065438189,,22.334700282797915,7.329576055354758,14.076884575218628,0.0
MO,noise,5.880670548353595,3.1764218630568886,,5.880670548353595,2.003150004442933,6.5071570623925545,-6.250843019917884
MP,extended,1.2006649928486546,-8.04441995587707,3.9922013683903135,9.034976017730688,-13.582464048351795,33.983506669506916,-3.6999640087543417
MRAM,late_chase,-16.332167678240918,-17.962869387294166,,10.411434138573238,-39.036631046237645,258.7758941684144,0.0
MRNA,noise,-9.770004981917557,-13.744245843102865,-12.419503568549374,0.0,-12.419503568549374,6.6522752169384525,-2.2482015005482636
MRVL,extended,4.387139505755466,3.220083646430938,77.67933645246868,93.34595233730967,76.49395065386418,49.52234389483048,-1.1476165284503237
MSFT,fresh_watch,0.16407620976133241,1.804845686892942,11.359285131303775,11.359285131303775,-0.4363066396477877,10.973067185080708,-4.2686876062502215
MSTR,extended,5.881355916146158,0.14110741241957214,-15.45972776018768,10.594346935965016,-28.20455028342488,47.85111863615996,-1.221009385567462
MTRN,avoid_wait,3.4176296807586937,-1.4828345463231085,16.122964543242535,16.87502776825569,14.598507659308769,30.531608082948857,0.0
MTSI,extended,19.497974441918497,18.252792543807004,28.583189024006515,34.95404117384855,19.201494423356813,28.094012527028344,0.0
MU,late_chase,37.73445109730109,33.649313693629225,90.97765774093722,99.10549464972918,75.07607584294105,48.047738212768444,0.0
MUU,late_chase,34.12929143227874,,,34.12929143227874,-0.5214058509992237,208.62908371463007,0.0
MX,late_chase,-12.005109404592984,,,14.048536298696156,-12.005109404592984,111.62161683235148,-11.02273006823431
MXL,extended,30.913969594734823,11.955960073617987,13.620070424426567,30.913969594734823,1.472086349273316,323.4146315240366,0.0
NAGE,noise,-6.6481999033513155,,,0.0,-6.6481999033513155,-25.56701100864629,-27.36418415509393
NASA,noise,15.949453438448558,22.30191439040443,28.995900177660914,43.06693445111256,13.831970797242388,5.5135159879117435,-7.312438919862252
NBIS,late_chase,14.602884818715346,42.36519814942867,71.2149656032792,71.2149656032792,41.10945190538307,41.96839361001399,-7.363433749893289
NCLH,noise,-0.18679190718836614,13.82317119879717,,19.115814426610722,15.504357745456844,-23.958338883639364,-23.958338883639364
NDX,noise,-1.1128365251198091,2.2267921416865732,,4.569949810080853,0.3192274965031716,16.73938296206885,0.0
NET,extended,-13.672656531577909,-10.001337534940124,21.630907743782757,21.630907743782757,10.536644203113354,5.85041054918527,0.0
NFLX,noise,-0.261685890472485,1.6384144401027756,-7.247699158969711,2.0025055733903674,-5.973375852154506,-11.060514408955468,-18.461825175671077
NIO,noise,10.847455188824684,-5.2542362333679815,-3.559322622924377,10.847455188824684,-7.6271233699746315,-7.523511135791705,-14.119356715428989
NKE,noise,4.369387083162213,11.880016820683558,,11.880016820683558,3.015642035782684,-6.82218068654038,-8.907055277184172
NLST,avoid_wait,15.671635351247048,0.0,8.582090050161305,28.731341856204253,10.074625903021461,72.903235432509,-2.189778925938224
NNE,noise,,,,0.0,-15.43997173854611,31.08919423188976,0.0
NOK,fresh_watch,-3.609026233285517,4.887215106831966,22.180449375633728,26.69173037461976,9.699247694384816,50.7936581737028,0.0
NOTV,building,-12.903223015391262,-9.67741966495652,,0.0,-64.51612949743479,-20.512816985918324,-20.512816985918324
NOW,fresh_watch,0.021935763781377737,4.289157388812215,49.03465900892863,49.03465900892863,25.263271011549215,-10.62744739008885,-11.555249896166364
NRGV,noise,41.0926366602824,13.776720153222154,54.15676276275596,54.15676276275596,22.80285105578088,31.974920458630642,-16.302189611491492
NRXS,extended,-4.8331316789442695,-16.570766972577744,-18.642111472351395,1.3809073075709666,-23.245104736820444,18.39236239415385,0.0
NTDOY,avoid_wait,3.3423658153493463,-0.27100030531362895,,10.478770364867017,10.478770364867017,-15.496187996429322,-18.362836635243006
NVDA,momentum_confirmed,8.440412397418129,13.539939520321,13.056185226118288,18.79063119997346,5.2573273087158645,11.87215146672418,-8.38372923996491
NVO,noise,4.9908809785793595,1.9598919540056103,0.43299594823174026,7.292617787251343,-6.517776984353219,18.65873880825266,0.0
NVTS,late_chase,-13.156731092385321,40.3532072888845,,40.3532072888845,8.07946999791076,130.65173444423124,0.0
NXPI,noise,5.237990080213084,0.31640627295954626,11.301411558642528,14.413950424575939,3.5699561611583386,47.53399993109233,-1.517402999909867
ODD,avoid_wait,,,,1.223240371316625,1.223240371316625,-34.11685565194846,-34.11685565194846
OIH,noise,2.192158943622613,,,4.370052793183055,2.192158943622613,-5.428015661659414,-7.342707107834978
OKLO,noise,-12.509418162385366,-21.401658286502446,-17.872397470552038,0.0,-25.973377802678876,58.57399760679216,0.0
OMDA,noise,1.0975628619673827,0.2439080271815719,9.32927269654793,12.07316822129152,9.024387662570943,36.89482675446627,0.0
ON,noise,,,,0.0,0.0,17.151167733574436,-9.728956815106715
ONDS,avoid_wait,-12.209295663443154,2.90697867835521,30.4263608156651,31.589150438801084,-0.19379365000743443,7.4999925494197095,-6.690783876282403
ONON,noise,-6.358820060166915,,,0.0,-6.358820060166915,14.736537399162897,-2.9152342861479053
ONTO,noise,6.162826922256048,,,8.179751024858128,3.9333846342147316,-8.978687173139976,-15.144263095543032
OPEN,noise,-16.117218100598663,-19.413918230287898,-9.340663467374643,0.0,-21.062272661773118,17.672418001219835,-2.1505356128998288
OPTX,noise,-13.588387115281108,50.659633129790535,,74.53825429285553,57.12401012253583,-34.99142347426012,-34.99142347426012
ORA,noise,-1.1161897085124273,3.3109910669100184,,8.878749504798588,2.4030492957262783,17.20411825164998,0.0
ORCL,extended,7.515671172194804,3.5054676130518603,35.65922177549208,37.63936055100574,17.488499202529574,24.309251889970152,-3.8453369140625027
OSCR,late_chase,15.251485828729571,26.1222281422125,24.22931096642953,48.13412508761785,48.13412508761785,55.11744675145087,0.0
OSS,late_chase,63.114751054855624,63.83196102598938,104.40574072840003,104.40574072840003,68.95491172552315,26.42487686699202,-6.153840510802655
OUST,extended,-4.725897784288325,31.79583971580002,69.8676711122431,78.03402190660151,54.55576517560803,35.7106263394378,-6.272142429065997
PALU,noise,,,,0.0,-20.406404331992924,150.26197092618867,-2.027027462415243
PANW,extended,11.377550132127245,15.245822906612382,,39.36920337658025,23.52967487597988,33.42410482681619,0.0
PATH,noise,-11.527906621239314,-3.29369259194886,2.8362255927439017,19.85361405037076,2.195789244438684,9.959766263433822,0.0
PENG,late_chase,21.069959243963645,26.941013688012603,95.91221445107763,95.91221445107763,77.31137421300285,76.6844510214948,0.0
PG,noise,-3.8269023914103473,-3.691677944827765,-4.81406045369468,0.0,-1.89316288608401,2.838986656401987,-0.8513804974526917
PGY,noise,1.2534840492985921,-10.376043222433717,6.476325399794436,8.91365401983364,6.406685921236455,18.286649510479936,-4.71134739565271
PINS,noise,-0.4316554001978723,-4.412470309168858,0.09592545514505169,6.858514527638482,5.467622871899813,14.246577432710827,0.0
PKE,noise,-9.585283419645096,,,0.0,-12.386707629174543,11.107718458350124,0.0
PL,extended,8.56253025082574,7.965748889194635,24.779447353912644,33.367930214994914,-15.049297092060499,10.051400376219345,-3.384303070386663
PLAB,avoid_wait,1.921567729875151,-10.254901063208488,-37.03921448950675,7.764704087201291,-41.25490375593597,26.645143829810138,-2.42969283841864
PLPC,extended,3.751532257068968,4.108108651828668,12.74083469089442,16.177745020536015,11.823926574195532,10.221947398048382,-6.387093692474577
PLTR,avoid_wait,-4.3520538305733325,-6.996599790801983,11.508284673682013,11.508284673682013,-5.275217406224176,-2.9570249165551066,-5.6021413094684895
PM,avoid_wait,2.4822205265290442,-2.6159522715703765,,2.6373552280190227,-5.815008582405956,17.219534235203326,0.0
PMTR,noise,-0.04784798595388606,,,0.0,-0.04784798595388606,1.3578989713915357,0.0
POET,late_chase,49.79480020490299,118.46785762020681,90.01368607454798,181.39534686511527,67.9890537495937,19.63993098270049,-51.58940557544518
POWI,noise,-1.790331877580431,,,0.0,-11.714922483309852,24.939013495829386,0.0
PURR,late_chase,-14.614615331303026,,,9.809814998633936,-10.710707901292126,65.94684057757496,0.0
PWR,noise,,,,0.0,0.0,-6.87114126730285,-11.207096006680139
PYPL,avoid_wait,-10.05154449480955,-11.954792964223127,-10.408405005531861,0.0,-17.930193862266307,11.248338969006856,-1.9821268030423056
QBTS,late_chase,14.866159651097433,-8.891016269446727,42.97323010675043,44.07265430081131,23.47036247373635,47.949077569668304,-3.5500250751705487
QCOM,extended,23.772662000223388,13.829730626979654,29.36557603891177,41.81119844289232,23.481344566229033,39.597787782680236,-1.4311193233089825
QQQ,building,6.005524439913912,4.904291962984875,10.890495739204065,10.890495739204065,6.418678238020781,14.338148663179684,-0.18838826451929025
QQQM,avoid_wait,6.01335657684956,4.901648687308979,10.893349403758856,10.893349403758856,6.410399042824189,14.332279390484693,-0.17655859943299657
RBLX,noise,-2.085993085962634,-4.214558453659101,,2.511707783468431,-9.961686570406048,-24.01747023943934,-24.01747023943934
RBRK,noise,13.20138096613599,15.798076649993376,54.47612160204818,54.47612160204818,30.252412846254618,7.056767428120514,-0.30775159029158283
RCAT,noise,-5.984555078237652,-12.837837526846252,22.39382939557575,44.30502224611112,20.270274624152428,-13.160105685977197,-24.43472189750999
RCL,noise,-3.9023529343465757,6.468578196025621,,11.582370118372399,3.486104741281726,-6.414928930371422,-7.969897785054336
RDCM,noise,-5.266415489089582,-9.16976207065746,,0.0,-20.693923948074733,33.719965184170555,0.0
RDDT,building,-6.415180772385476,-4.9915892430667075,6.829655614951302,10.469731127994653,2.793133874705056,22.411761564366948,0.0
RDW,late_chase,9.721233971420308,75.62544743959234,,85.13223761446989,32.737669754371936,24.68805203355744,0.0
RGTI,extended,15.875702513109523,-6.101694221208032,51.864395492278035,52.71186170365234,22.966092946280227,24.6478943710313,-10.6511800095223
RKLB,momentum_confirmed,33.828200086274784,58.31747304687107,55.297555108606346,90.62301786755657,44.20759427302643,16.359063417240893,-12.47223816386811
RKT,noise,0.9187287487320894,-1.9787967527894135,-10.60070699956529,10.883392249963775,-12.720843007679939,-5.792282374956281,-17.348137120979935
RNG,avoid_wait,7.293529298053936,10.063547072515089,,24.777639617193238,4.021667230280301,-2.429965027866776,-17.591630384271216
RSP,noise,-0.5833631106236359,1.7893003569759092,,3.353103658855394,1.7745943525202756,2.595183631539588,-0.4198196654761066
RTX,noise,3.4823933462693413,0.9371300592472487,0.23067285032403184,5.133293010271389,3.779843881678513,-12.656630806392066,-15.043251675383063
RVI,late_chase,-5.1037638273856984,-6.505895022872132,,37.80145218082078,-27.706118983891336,114.81928714031059,0.0
RXRX,extended,-7.660163329348846,,,5.84958337514514,-7.520891013419117,3.7572218089327203,0.0
RY,noise,2.1785938897685098,5.042850323138692,,8.001106293809435,8.001106293809435,4.847566927958757,-0.456839831420941
SATL,noise,,,,0.0,0.0,-7.661828102916957,-34.916201861423126
SEDG,late_chase,0.3076464484617736,22.733168898629042,,27.12112090336185,3.5459885053829243,61.2532625373315,0.0
SEZL,noise,-1.1261606357986453,,,0.0,-1.1261606357986453,43.38872247635186,0.0
SFTBY,noise,-21.025106772949698,,,0.0,-21.025106772949698,61.668549465646706,0.0
SHAK,avoid_wait,-2.892618609760911,-2.4988665097420037,,0.0,-19.79403291905285,-35.743482477005095,-36.92807599631772
SHMD,avoid_wait,,,,0.0,-15.650078678130864,11.250002235174229,-16.933333079020187
SHOP,avoid_wait,-7.237760024452622,-6.150697097576363,4.933573653714518,15.321012648860211,2.9266947935175924,-8.055698361394247,-20.356668832675528
SIF,avoid_wait,9.60044116697556,11.764699656105693,,20.810210348159906,14.705879862442274,23.424657444766915,-9.89999771118164
SIMO,fresh_watch,10.398853952257369,5.5512342952914295,20.54408554160274,25.41215428574104,7.674368885677674,101.19096223514549,0.0
SIVE,fresh_watch,-11.528151340458692,-18.74888567546765,74.17336125005343,74.17336125005343,36.729220655654736,401.7937459832348,0.0
SIVEF,late_chase,-11.528151340458692,-18.74888567546765,74.17336125005343,74.17336125005343,36.729220655654736,401.7937459832348,0.0
SKYT,extended,-2.2798496254823997,6.49757415041996,,13.736106223609523,5.015669176061266,20.584191383490392,0.0
SKYX,noise,-12.307690191550991,-11.538460127700667,-13.461535287326498,12.30769936149667,-19.23076993614967,11.111111111111116,0.0
SLNH,noise,2.8089928274849907,4.494384505685289,,24.719104735542217,-23.03370636019074,69.52381449762137,-2.7322442815858827
SLOIF,noise,5.189743880788655,,,10.298125883452535,5.189743880788655,13.570070333845319,-23.8931354277786
SMCI,late_chase,20.057307901745048,10.494270405334127,79.69197002812041,79.69197002812041,57.55731217141873,26.6213199199,-4.318026784456008
SMH,extended,13.7177110522118,7.768496603286845,24.747925435198702,25.87067891207626,18.029156664305134,27.983735159404198,-0.594327161697672
SMR,noise,-11.538464251463033,-23.150887636572225,-11.24260655546674,3.1804684685091456,-20.414202185155585,37.11968487349646,-0.3684542239128952
SNAP,fresh_watch,-8.18330587682664,-8.019643817478606,-0.6546638458094445,0.0,-7.528642031017208,29.17547798892468,-2.8616825028659476
SNDK,late_chase,31.620890128080248,18.58550845421756,48.393433337062966,54.29654591406907,38.331929233361414,69.18712560954465,0.0
SNOW,late_chase,37.66975142172897,,,59.85393840188775,37.19616825553622,22.93770868984626,-1.3175740519489554
SNXX,noise,26.938777067223363,,,26.938777067223363,2.530615670340408,131.9526627218935,0.0
SOFI,noise,-4.138772322247419,-4.990874213436369,13.085816059619804,13.085816059619804,0.42604804335983903,3.6593054242707312,-15.743588178585732
SOL,noise,-11.108012858115657,-10.471423749394493,-15.461557276522765,0.0,-34.20657045415556,13.159080295287694,0.0
SOUN,extended,-7.112973591302884,-12.029294160331204,-3.242682071232883,0.7322143488674104,-21.65272549832723,41.00295167818191,0.0
SOXL,late_chase,49.29046931631655,18.972948937070754,108.79655111897586,119.94512099782786,65.77028411015182,132.71300831222584,-2.1855759034689615
SOXS,avoid_wait,0.2418319586739548,-23.458288109723046,,20.314380393102915,-31.197101060873244,-59.220906421322205,-59.220906421322205
SOXX,extended,15.301045877286912,7.317231038661021,30.939709719088484,33.24676360837901,23.674417873528597,34.28072925392283,-0.7922710555890999
SPCE,noise,15.873019777578179,2.3809501283202916,82.14286457654305,198.41269991445313,63.492060188203084,-17.915308282607256,-17.915308282607256
SPXL,noise,,,,0.0,0.0,-0.38785916130670284,-8.158872374265048
SPXS,noise,,,,0.0,0.0,-0.3594550056315482,-2.0840698117909673
SPY,building,2.965136660740053,2.8746137752557077,5.788219801024774,5.788219801024774,2.9539923746221053,8.966053715347178,-0.3663379669741951
SQQQ,noise,,,,17.014356015331145,11.78541991900357,-26.925359188387066,-26.925359188387066
SRTA,noise,1.8761708454779091,3.93996324864776,17.44841122866534,21.38836553102483,10.131331511869046,29.055684649238355,0.0
STM,noise,8.678652252246666,,,15.488268561775055,8.678652252246666,23.8026845615541,-2.3624356212522124
STX,noise,3.9330120480057573,-4.495050526962007,17.747515368027432,19.616747143221367,11.488776809403078,58.456579136208006,0.0
SWMR,extended,-14.761380319168637,34.73917907801607,,117.86901955720302,59.48945083814316,-14.839316693248762,-16.088474329841198
SYM,avoid_wait,-5.180395947916338,,,5.740443638822734,-4.512649306267402,-21.446699770408152,-24.09254520456813
SYNA,extended,25.545634147231254,18.214285768348894,44.88094133404501,46.3988123576206,34.92063083586221,34.45378339399263,0.0
TAN,noise,7.999311551050781,7.245631149100107,23.79238664066643,26.635832395613512,8.907161130182772,7.79173048853834,-1.5016017931072212
TDWRF,noise,6.961617803939335,22.687055896918285,11.515937002396214,22.687055896918285,-1.7566656219889398,32.27194524038133,-9.374995782689998
TE,noise,18.431374015646806,37.25490452738192,136.078435039117,136.078435039117,79.01961343465345,25.92591764068992,-5.380333377301438
TEAM,late_chase,-6.2795254117137596,-3.998503603570258,17.110341547243777,24.463280796759037,5.077281603266903,36.818928877321476,0.0
TEM,noise,-14.205604624525414,-14.242988657728539,-2.317760146666914,0.0,-9.177569808246933,12.631578947368416,-5.776679904566729
TER,noise,-0.8348047040594775,5.02072134654461,,14.941734404233786,5.127339890447979,-2.5606752578437697,-14.717280467820848
TGT,noise,5.453334992502135,6.356703079857362,,6.621904518376942,2.7432433765400166,1.899107104140807,-7.797124556494617
THR,extended,3.85469585958913,1.6021607258284387,,13.023475515925087,-3.0139617675844943,23.632082448330838,0.0
TIP,noise,-0.01801096020106474,-0.5944312001826768,-0.45926905809490215,0.3332479475256056,-0.568606917223613,0.5688071457568666,-0.28738185639765046
TLN,avoid_wait,-2.673423930396135,-18.272275315021258,-1.3795784990378146,6.518575405495675,-5.227330588786295,16.611623399761854,0.0
TLT,noise,-2.3179181562204776,0.3647566852833073,,1.1729549058575595,-0.043717810947996316,-2.185714988407206,-2.185714988407206
TMC,late_chase,5.555550159250355,0.37037001061668295,17.777778170236335,20.185178824086037,-5.3703695691008075,17.647056990245513,-5.923339534985727
TMDX,avoid_wait,-11.985735166257406,-6.7471177900284225,-2.1256108904064486,0.0,-2.4410296544068344,-33.32114323155645,-37.19748705053036
TQQQ,noise,-0.9451006573389265,8.33765227798773,,12.920771145716014,-1.2558276120280931,38.79603907620852,0.0
TRT,late_chase,-31.0723181012434,-39.15211833667016,,0.0,-47.43141963631189,184.39714460448283,0.0
TRUL,noise,,,,0.0,0.0,0.0,0.0
TSEM,noise,-2.0839786164507546,11.417549833447605,18.791293890922887,27.9341995925126,7.320531457543522,18.16514621087397,-0.4062698968177014
TSLA,building,9.60288574688104,8.039502154783662,6.412158305346005,13.93224007702405,4.638965391495975,8.38348575760297,-2.446205359795406
TSM,momentum_confirmed,0.7295693085903832,-1.4093208214373987,11.224824763851803,11.224824763851803,6.272255013618588,17.51228168180996,-0.8321461660682816
TTD,noise,-4.785477963552798,-12.74752550232946,-4.207922720275759,1.5264061168608345,-19.843232307590497,9.931975554796256,-0.5334471220285963
TTWO,extended,-8.874300119002932,-8.16815265946903,,0.0,-12.227452990819643,11.671660985110499,-0.11549198831762864
TWLO,late_chase,4.702904125617158,4.223121518513007,20.894187412556796,24.764064783121587,12.05778211523809,44.20284340396405,0.0
TXN,extended,6.544533747820003,7.56074168623404,10.25154534345134,16.25219638220321,4.08988178547105,40.85348292205892,-0.47478850952468177
UAMY,late_chase,-12.26337298682485,-29.135803069936593,-23.786003953784707,3.7860086632876433,-35.720163061829965,39.81588268378671,0.0
UBER,noise,-5.02914362653879,,,0.0,-5.02914362653879,-1.79713265995195,-6.8207675265515855
UFO,noise,-10.199743238655401,,,0.22920659045766456,-10.199743238655401,18.925235796714656,-9.918145334198536
UMAC,late_chase,-12.5812172241352,87.71411762426156,,97.40104882767349,52.687536417627555,6.411065163709506,0.0
UNCY,avoid_wait,5.840453682707802,,,8.262107197748247,-5.128207044053168,-1.955305439513333,-17.99065844857919
UNH,noise,-1.8037851988789155,-3.1231878769177546,,2.5681758620509143,2.5681758620509143,26.16251681094177,0.0
UPST,noise,-10.683349103481898,-9.913378713585441,-2.8232247629536467,8.405520798269151,-0.5453964577409098,17.844987437459526,-10.585199281269897
USAR,late_chase,2.3927047572810167,-7.368023318188277,11.773643716112048,16.597040835153564,-15.647553555531847,65.38944596434624,0.0
USAS,extended,-18.62745026017344,-17.927167463677062,,3.7815124086187257,-30.53221105187006,25.263159743966888,0.0
UUUU,late_chase,-1.292708627045358,-15.004616910873636,-18.651888442471076,8.587260496097326,-29.77839268099427,22.028168154434425,-4.286342683724753
UWMC,avoid_wait,6.50684293964221,1.7123270893795395,,7.534247358289559,-12.328771373571856,-26.63316426381076,-26.63316426381076
V,noise,3.2593432989853843,1.4486012562217043,,3.849401262471752,-0.19980148472958925,1.602999247942205,-4.146797550171721
VCX,noise,-0.004062642599533817,-10.73940033286378,,17.682214637657868,-39.84390520806591,168.89277544103766,-10.865944019262342
VEEV,noise,,,,0.0,-6.423453250407207,4.3986206390026705,-5.268738603020928
VELO,late_chase,-11.899095539101056,22.370294166536308,,22.79866233220711,-22.75107393894542,86.0938910528877,0.0
VGT,avoid_wait,8.356364485447298,6.841353514966486,19.838018389930912,19.838018389930912,11.719869851757835,17.22655188763982,0.0
VIAV,extended,-7.446236418285501,-7.048619911105769,-14.169528091697236,0.0,-11.892285583409423,49.98645363648508,0.0
VLN,noise,26.66666242811415,25.333330366346573,47.1111085679796,56.888887617323135,0.0,89.0756211605094,-3.846150319251662
VOO,noise,-0.08977607269606835,1.5437352738498111,,2.757827539400881,0.023542079693483764,7.737197345078961,0.0
VPG,late_chase,1.1144584612016617,25.75301397473766,,33.4638501127289,20.441767994245176,96.06299206685634,0.0
VRNS,noise,-8.501799066555959,,,0.0,-8.501799066555959,36.26415324660967,0.0
VRT,noise,-7.056497198599887,,,3.4323804332686114,-7.056497198599887,-1.4985784614366393,-14.044598993941182
VSCO,noise,-6.370220621588885,,,0.0,-6.370220621588885,59.22832041029999,0.0
VSH,late_chase,21.879778183831753,,,22.454056595238225,9.532923779152691,87.91368025947625,0.0
VST,noise,20.336378470635275,15.517368351519645,,20.336378470635275,7.422299010226241,-14.317045883253442,-17.907312704503543
VSXY,noise,,,,0.0,-4.746434596856153,59.22832041029999,0.0
VVX,extended,3.7560417107624255,,,5.293175120096527,4.995659936494534,22.95381408092485,0.0
WDC,extended,-11.079236790041513,1.7098630916508206,,15.1755394266599,2.1785016160194015,47.3126614716767,0.0
WING,avoid_wait,2.740309483304326,23.23164761038139,,28.14990010286438,16.23104674394682,-37.53534156575898,-37.833493816183804
WIX,avoid_wait,-0.9580599823222014,-4.826460924935827,,13.051339950348261,-12.85249575121885,-21.151657914321987,-31.36476334725209
WMT,noise,-8.394994573718694,-12.61513352476512,,1.3135966678105682,-9.534957151327294,6.323342342119442,0.0
WOLF,late_chase,46.655745711850294,60.606060921640406,68.35925845119964,100.65519480418045,51.296741886218314,93.50237970202238,-0.35363781108177506
WOR.AX,noise,0.6955189760927682,,,1.236482274149231,-1.0432710941673862,7.03059898318914,0.0
XE,avoid_wait,,,,0.0,-5.200843814274725,-25.628930232904068,-28.571431040275186
XOM,noise,1.9369237243297421,5.817972439502905,2.947043415165007,10.063423837514641,2.750687503984195,-4.820124118252589,-4.820124118252589
XPEV,noise,4.708097838242464,-4.959196150149159,5.524162861947235,12.303823270083925,-0.6277487730947273,-10.505612427169819,-12.712327094927222
XYZ,fresh_watch,1.9817499312005715,-2.1243197558245663,-2.8371797563249257,8.49728990067864,-0.3136601406010242,11.883874503333281,-5.075111694378165
YSS,late_chase,-2.262304469062004,-21.491895371632697,-6.939769532101881,12.717823185103194,-11.372667127711312,18.6865011550325,-24.718070172342664
Z,noise,,,,0.0,-0.7701096611175795,-19.734429651236418,-19.734429651236418
ZETA,avoid_wait,-7.849467536978205,-7.580644185452945,35.59139137695904,35.752685387874195,16.989246143028367,17.79607616469514,0.0
ZG,avoid_wait,-3.7224182482293755,-2.738630052064883,,0.0,-7.551183479125568,-20.72090704240257,-20.72090704240257
ZM,building,5.578109538749132,-3.170919085345958,7.907966078992845,8.15931420418572,-2.2138446069976836,25.594951037925572,0.0
ZS,noise,13.238119628335498,-3.315738116549105,,14.622789571875616,-19.74542219756309,19.57975334870845,0.0
