horizon_d,alpha_sentiment,alpha_technical,mean_ic,ic_tstat,n_days,top10_hit_rate,top10_mean_ret
1,0.05,0.95,-0.0239356106334339,-0.5239029402506071,44,0.05581395348837209,-0.0059329007283813445
1,0.075,0.925,-0.02481021322033813,-0.5392349288821323,44,0.053488372093023255,-0.005901121787541536
1,0.1,0.9,-0.023318045682419644,-0.5100814817188787,44,0.0558139534883721,-0.005786501676469674
1,0.125,0.875,-0.030915763244537722,-0.6993548565193238,44,0.0558139534883721,-0.005641735100711803
1,0.15,0.85,-0.029337708209678848,-0.6673384148902797,44,0.05348837209302326,-0.005658849362097851
1,0.175,0.825,-0.02860695155478986,-0.6508565760131722,44,0.05348837209302326,-0.0063627046386642355
1,0.2,0.8,-0.02721935020245201,-0.6196574361248903,44,0.05348837209302326,-0.00576616740719349
1,0.225,0.775,-0.026538868796600203,-0.6079906607026371,44,0.05348837209302326,-0.006042639641555981
1,0.25,0.75,-0.023745463502096806,-0.54416498498938,44,0.05348837209302326,-0.005810971545858418
1,0.275,0.725,-0.024763203623045748,-0.5716259612725002,44,0.051162790697674425,-0.005945898106102748
1,0.3,0.7,-0.02390101560004869,-0.5529645398711481,44,0.051162790697674425,-0.006176483336022618
1,0.325,0.675,-0.03116264262451157,-0.7303108737928082,44,0.053488372093023255,-0.005064570797097211
1,0.35,0.65,-0.03166729566593406,-0.7417836362352669,44,0.05581395348837209,-0.004600791665589011
1,0.375,0.625,-0.030988045918277893,-0.7307072084147703,44,0.05581395348837209,-0.00434466985432673
1,0.4,0.6,-0.03133535447702112,-0.7399724259374747,44,0.05348837209302326,-0.004736074567338197
1,0.425,0.575,-0.02956789416790383,-0.7021353881812035,44,0.05348837209302326,-0.0038365544518009793
1,0.45,0.55,-0.027849182473578517,-0.6654243408558452,44,0.0558139534883721,-0.00410423292329327
1,0.475,0.525,-0.026644015223586958,-0.6367806079566593,44,0.05348837209302326,-0.004395344805435193
1,0.5,0.5,-0.026194139406293834,-0.6292372388099341,44,0.046511627906976744,-0.006609489616762315
1,0.525,0.475,-0.02652767656635675,-0.6396714134428958,44,0.046511627906976744,-0.006005771578751262
1,0.55,0.45,-0.024194664418306942,-0.5897987037889086,44,0.046511627906976744,-0.005605952142446553
1,0.575,0.425,-0.02324438606347097,-0.5607881716756226,44,0.04883720930232558,-0.004646770086751569
1,0.6,0.4,-0.021114645144853297,-0.5046544381189191,44,0.048837209302325574,-0.005248912033982217
1,0.625,0.375,-0.02691349909030363,-0.6287467370896691,44,0.051162790697674425,-0.0044488472881459434
1,0.65,0.35,-0.02294495288575248,-0.5397117137099482,44,0.04883720930232558,-0.00451154274781964
1,0.675,0.325,-0.023464103106389148,-0.5513364403422285,44,0.046511627906976744,-0.0048426205379795105
1,0.7,0.3,-0.020526467031040753,-0.4838484952036196,44,0.046511627906976744,-0.004599996680646472
1,0.725,0.275,-0.02364979844626429,-0.5515430864221869,44,0.044186046511627906,-0.005479417994927239
1,0.75,0.25,-0.01618105045688203,-0.37914547333590876,44,0.044186046511627906,-0.005464129727343666
1,0.775,0.225,-0.011885394620023486,-0.2769118258252272,44,0.04418604651162791,-0.004941719065201232
1,0.8,0.2,-0.012866831267025047,-0.2860981104025353,44,0.046511627906976744,-0.004248890726097918
1,0.825,0.175,-0.012488058462956204,-0.27562643912021034,44,0.04186046511627907,-0.004926889172768745
1,0.85,0.15,-0.013818701542048646,-0.3030566374328619,44,0.03953488372093024,-0.006126399840702583
1,0.875,0.125,-0.008433915964596035,-0.1825861409660512,44,0.041860465116279076,-0.004857421636178835
1,0.9,0.1,-0.004962476836057964,-0.10617428923762322,44,0.041860465116279076,-0.005091054316259745
1,0.925,0.075,-0.005179364539323788,-0.10861863294591556,44,0.041860465116279076,-0.005059391039885757
1,0.95,0.05,-0.002978228040020604,-0.061430613926487965,44,0.041860465116279076,-0.005207969264867821
5,0.05,0.95,0.027591801218533506,0.7032165610577754,40,0.20256410256410257,0.0005158499793262854
5,0.075,0.925,0.030342233412551805,0.7754624015171683,40,0.19999999999999998,-0.00030998916856543113
5,0.1,0.9,0.035342488073374825,0.9237872067846455,40,0.2,0.001318717093548002
5,0.125,0.875,0.02961868355508613,0.7330751038514456,40,0.20256410256410257,0.0022984125183631975
5,0.15,0.85,0.03131247041211845,0.7803166373640229,40,0.20256410256410257,0.003686284530764905
5,0.175,0.825,0.0354423346097824,0.8941477084833781,40,0.20256410256410257,0.003954706046107346
5,0.2,0.8,0.04201470932326737,1.0722604897024648,40,0.20256410256410257,0.004223830964266363
5,0.225,0.775,0.04414212812948178,1.125306835627638,40,0.19999999999999998,0.0037763393255764123
5,0.25,0.75,0.04806763414398727,1.225878575865729,40,0.19999999999999998,0.004699756799961575
5,0.275,0.725,0.05035491721850068,1.291983153649115,40,0.19999999999999998,0.005744960244390686
5,0.3,0.7,0.05191756178441805,1.3267384039781116,40,0.19999999999999998,0.005817842928624517
5,0.325,0.675,0.050924473626378045,1.2260939540039262,40,0.19743589743589743,0.0063466315173909904
5,0.35,0.65,0.050587150937632865,1.2172836861858038,40,0.19743589743589743,0.007128162764974873
5,0.375,0.625,0.052451111936186935,1.263543361392951,40,0.19487179487179487,0.006314507685342579
5,0.4,0.6,0.05478876878724089,1.3243765922473711,40,0.18974358974358976,0.005916626636005602
5,0.425,0.575,0.058138425967059114,1.412996722924818,40,0.19230769230769232,0.007984992758149397
5,0.45,0.55,0.06162086353334909,1.4964602459662273,40,0.18974358974358976,0.00738460689232904
5,0.475,0.525,0.06063830132489974,1.473707904678423,40,0.1871794871794872,0.006605616159206516
5,0.5,0.5,0.06015226355893606,1.4554106280607753,40,0.17692307692307693,0.003482485440899589
5,0.525,0.475,0.06196094329971191,1.506774762071401,40,0.1794871794871795,0.005136180207187831
5,0.55,0.45,0.0659717244304268,1.6089118623227856,40,0.17435897435897438,0.004084994169900916
5,0.575,0.425,0.06793396343441352,1.6436775866009323,40,0.17435897435897438,0.005620745477936356
5,0.6,0.4,0.06818894846223401,1.64375947773742,40,0.17692307692307693,0.0046944949860837654
5,0.625,0.375,0.07205499668877571,1.7844669461922273,40,0.1794871794871795,0.006385116178265539
5,0.65,0.35,0.07742675967908294,1.9347290850722767,40,0.17435897435897438,0.006942216756240284
5,0.675,0.325,0.07867482522946394,1.9886645126403881,40,0.17435897435897438,0.005840926576550259
5,0.7,0.3,0.07762421756425131,1.948745946553002,40,0.17435897435897438,0.006082527910069548
5,0.725,0.275,0.07637556822761835,1.9561265522843734,40,0.17179487179487182,0.00399103362844878
5,0.75,0.25,0.07511580148756256,1.9045777345278714,40,0.1692307692307692,0.003454840128955011
5,0.775,0.225,0.07700062324083136,1.9415020456400567,40,0.16666666666666666,0.002704611257926996
5,0.8,0.2,0.07605799196426725,1.8576792102486834,40,0.158974358974359,0.00048176358619761813
5,0.825,0.175,0.07574823547678854,1.8231587700695513,40,0.158974358974359,0.0002676589687009406
5,0.85,0.15,0.07165912944894878,1.7168253209263276,40,0.158974358974359,-0.0006904802552839637
5,0.875,0.125,0.06967597867749924,1.6468973075840936,40,0.16153846153846155,0.001135259861317234
5,0.9,0.1,0.06500792425084409,1.5100851388204188,40,0.16153846153846155,0.002428118183242517
5,0.925,0.075,0.060708383977780375,1.3916905346241635,40,0.158974358974359,0.0007975984289904378
5,0.95,0.05,0.061766404478206846,1.402264184349777,40,0.15384615384615385,-0.001440944924357677
10,0.05,0.95,0.011209158299422609,0.24501169068373452,34,0.24242424242424243,0.00940200686727527
10,0.075,0.925,0.01439332516461074,0.3143744320604462,34,0.2333333333333333,0.007467218461808145
10,0.1,0.9,0.016088403078976417,0.3472481195716526,34,0.2333333333333333,0.010128272287745202
10,0.125,0.875,0.016274973728385347,0.35137017105539214,34,0.2333333333333333,0.009307833822855863
10,0.15,0.85,0.0191951177105388,0.4169110244342015,34,0.24545454545454545,0.011769930600890384
10,0.175,0.825,0.022448086628480374,0.4858890665652903,34,0.24545454545454545,0.012074310134277882
10,0.2,0.8,0.028775970979226677,0.6417655174393364,34,0.24242424242424243,0.011403101526126296
10,0.225,0.775,0.03297128564747906,0.7295252748226061,34,0.24242424242424243,0.013287164978820109
10,0.25,0.75,0.04147915155717973,0.9269775479495134,34,0.24242424242424243,0.014897527770130627
10,0.275,0.725,0.047086091658344105,1.0549734293296158,34,0.24848484848484853,0.018770617576279704
10,0.3,0.7,0.05083437838073006,1.1314258035667837,34,0.24545454545454545,0.018502676159834378
10,0.325,0.675,0.04556938836715504,0.9885752915805648,34,0.24545454545454545,0.021163834024536837
10,0.35,0.65,0.04796319878027799,1.0395092369611227,34,0.24848484848484848,0.02374843072564094
10,0.375,0.625,0.053010697022963855,1.1464331504214735,34,0.24848484848484848,0.025350407186763162
10,0.4,0.6,0.05620350424030042,1.2222473616783893,34,0.2545454545454545,0.02815688135899026
10,0.425,0.575,0.05903156456635411,1.292185433194704,34,0.2515151515151515,0.03238791745679557
10,0.45,0.55,0.06395669945366138,1.387155761165957,34,0.2515151515151515,0.031523011845005486
10,0.475,0.525,0.06567585700674719,1.4153373799675117,34,0.24848484848484848,0.030966629403467893
10,0.5,0.5,0.06706414553141288,1.4585250492553117,34,0.2393939393939394,0.02663700779004323
10,0.525,0.475,0.07154131978258138,1.5768902051581812,34,0.2393939393939394,0.027109644356442347
10,0.55,0.45,0.0762760541913356,1.7000512820396112,34,0.23636363636363636,0.026533671161012115
10,0.575,0.425,0.08085889963189154,1.8102475849236441,34,0.23636363636363636,0.030247299281370665
10,0.6,0.4,0.08226024729919666,1.8364563908161518,34,0.2333333333333333,0.029032849405123795
10,0.625,0.375,0.08046159983164844,1.734211376535304,34,0.23636363636363636,0.030218968651400096
10,0.65,0.35,0.0907769754010994,2.0273434770190932,34,0.2333333333333333,0.031475325912753274
10,0.675,0.325,0.09738946469213965,2.1933999027453353,34,0.23636363636363636,0.03126561866094899
10,0.7,0.3,0.09876582527358417,2.2126389661931127,34,0.2303030303030303,0.02952077132417094
10,0.725,0.275,0.09158115483149354,1.8596432518293993,34,0.2303030303030303,0.027994118162356876
10,0.75,0.25,0.09695538460878893,1.9824323181782169,34,0.22424242424242422,0.025887700510158613
10,0.775,0.225,0.10697144210875777,2.2065755077622744,34,0.22424242424242422,0.020756548019529582
10,0.8,0.2,0.11295044161968382,2.2572973076113434,34,0.21515151515151515,0.018213602707367386
10,0.825,0.175,0.11759519067444789,2.3524157096158103,34,0.21818181818181817,0.01960176145412455
10,0.85,0.15,0.12076832075932768,2.4067098353165766,34,0.21515151515151515,0.017129583362605626
10,0.875,0.125,0.1217452908233968,2.3961382631004042,34,0.2212121212121212,0.02223295595914229
10,0.9,0.1,0.12331248073278542,2.4106411311387195,34,0.2181818181818182,0.02648100590031869
10,0.925,0.075,0.1251657822342785,2.4136717321286114,34,0.22727272727272727,0.028225141973191627
10,0.95,0.05,0.12456998744383166,2.3710117958968824,34,0.2212121212121212,0.024766442845456243
